merchID,orderID,name,price
1000001,1000002,Green Tea,14.95
1000002,1000011,Green Tea,14.95
1000003,1000114,Green Tea,14.95
1000004,1000175,Green Tea,14.95
1000005,1000190,Green Tea,14.95
1000006,1000213,Green Tea,14.95
1000007,1000267,Green Tea,14.95
1000008,1000299,Green Tea,14.95
1000009,1000332,Green Tea,14.95
1000010,1000379,Green Tea,14.95
1000011,1000412,Green Tea,14.95
1000012,1000471,Green Tea,14.95
1000013,1000487,Green Tea,14.95
1000014,1000511,Green Tea,14.95
1000015,1000578,Green Tea,14.95
1000016,1000588,Green Tea,14.95
1000017,1000591,Green Tea,14.95
1000018,1000599,Green Tea,14.95
1000019,1000641,Green Tea,14.95
1000020,1000647,Green Tea,14.95
1000021,1000668,Green Tea,14.95
1000022,1000685,Green Tea,14.95
1000023,1000722,Green Tea,14.95
1000024,1000802,Green Tea,14.95
1000025,1000808,Green Tea,14.95
1000026,1000840,Green Tea,14.95
1000027,1000850,Green Tea,14.95
1000028,1000878,Green Tea,14.95
1000029,1000943,Green Tea,14.95
1000030,1000953,Green Tea,14.95
1000031,1000992,Green Tea,14.95
1000032,1001002,Green Tea,14.95
1000033,1001035,Green Tea,14.95
1000034,1001048,Green Tea,14.95
1000035,1001164,Green Tea,14.95
1000036,1001168,Green Tea,14.95
1000037,1001183,Green Tea,14.95
1000038,1001188,Green Tea,14.95
1000039,1001217,Green Tea,14.95
1000040,1001249,Green Tea,14.95
1000041,1001270,Green Tea,14.95
1000042,1001335,Green Tea,14.95
1000043,1001384,Green Tea,14.95
1000044,1001427,Green Tea,14.95
1000045,1001494,Green Tea,14.95
1000046,1001502,Green Tea,14.95
1000047,1001522,Green Tea,14.95
1000048,1001582,Green Tea,14.95
1000049,1001612,Green Tea,14.95
1000050,1001637,Green Tea,14.95
1000051,1001687,Green Tea,14.95
1000052,1001727,Green Tea,14.95
1000053,1001740,Green Tea,14.95
1000054,1001798,Green Tea,14.95
1000055,1001835,Green Tea,14.95
1000056,1001853,Green Tea,14.95
1000057,1001891,Green Tea,14.95
1000058,1001921,Green Tea,14.95
1000059,1002034,Green Tea,14.95
1000060,1002035,Green Tea,14.95
1000061,1002076,Green Tea,14.95
1000062,1002087,Green Tea,14.95
1000063,1002092,Green Tea,14.95
1000064,1002111,Green Tea,14.95
1000065,1002116,Green Tea,14.95
1000066,1002117,Green Tea,14.95
1000067,1002157,Green Tea,14.95
1000068,1002174,Green Tea,14.95
1000069,1002245,Green Tea,14.95
1000070,1002247,Green Tea,14.95
1000071,1002249,Green Tea,14.95
1000072,1002328,Green Tea,14.95
1000073,1002367,Green Tea,14.95
1000074,1002371,Green Tea,14.95
1000075,1002381,Green Tea,14.95
1000076,1002422,Green Tea,14.95
1000077,1002429,Green Tea,14.95
1000078,1002479,Green Tea,14.95
1000079,1002506,Green Tea,14.95
1000080,1002513,Green Tea,14.95
1000081,1002531,Green Tea,14.95
1000082,1002557,Green Tea,14.95
1000083,1002605,Green Tea,14.95
1000084,1002613,Green Tea,14.95
1000085,1002633,Green Tea,14.95
1000086,1002637,Green Tea,14.95
1000087,1002672,Green Tea,14.95
1000088,1002691,Green Tea,14.95
1000089,1002692,Green Tea,14.95
1000090,1002721,Green Tea,14.95
1000091,1002749,Green Tea,14.95
1000092,1002750,Green Tea,14.95
1000093,1002777,Green Tea,14.95
1000094,1002806,Green Tea,14.95
1000095,1002809,Green Tea,14.95
1000096,1002813,Green Tea,14.95
1000097,1002888,Green Tea,14.95
1000098,1002896,Green Tea,14.95
1000099,1002961,Green Tea,14.95
1000100,1002973,Green Tea,14.95
1000101,1002993,Green Tea,14.95
1000102,1003015,Green Tea,14.95
1000103,1003098,Green Tea,14.95
1000104,1003138,Green Tea,14.95
1000105,1003160,Green Tea,14.95
1000106,1003242,Green Tea,14.95
1000107,1003249,Green Tea,14.95
1000108,1003287,Green Tea,14.95
1000109,1003322,Green Tea,14.95
1000110,1003331,Green Tea,14.95
1000111,1003336,Green Tea,14.95
1000112,1003362,Green Tea,14.95
1000113,1003411,Green Tea,14.95
1000114,1003426,Green Tea,14.95
1000115,1003514,Green Tea,14.95
1000116,1003573,Green Tea,14.95
1000117,1003583,Green Tea,14.95
1000118,1003588,Green Tea,14.95
1000119,1003591,Green Tea,14.95
1000120,1003614,Green Tea,14.95
1000121,1003692,Green Tea,14.95
1000122,1003708,Green Tea,14.95
1000123,1003801,Green Tea,14.95
1000124,1003890,Green Tea,14.95
1000125,1003965,Green Tea,14.95
1000126,1003975,Green Tea,14.95
1000127,1004057,Green Tea,14.95
1000128,1004061,Green Tea,14.95
1000129,1004071,Green Tea,14.95
1000130,1004087,Green Tea,14.95
1000131,1004131,Green Tea,14.95
1000132,1004155,Green Tea,14.95
1000133,1004267,Green Tea,14.95
1000134,1004328,Green Tea,14.95
1000135,1004372,Green Tea,14.95
1000136,1004379,Green Tea,14.95
1000137,1004418,Green Tea,14.95
1000138,1004423,Green Tea,14.95
1000139,1004437,Green Tea,14.95
1000140,1004461,Green Tea,14.95
1000141,1004473,Green Tea,14.95
1000142,1004502,Green Tea,14.95
1000143,1004555,Green Tea,14.95
1000144,1004581,Green Tea,14.95
1000145,1004611,Green Tea,14.95
1000146,1004616,Green Tea,14.95
1000147,1004646,Green Tea,14.95
1000148,1004649,Green Tea,14.95
1000149,1004709,Green Tea,14.95
1000150,1004719,Green Tea,14.95
1000151,1004727,Green Tea,14.95
1000152,1004755,Green Tea,14.95
1000153,1004827,Green Tea,14.95
1000154,1004839,Green Tea,14.95
1000155,1004844,Green Tea,14.95
1000156,1004849,Green Tea,14.95
1000157,1004857,Green Tea,14.95
1000158,1004897,Green Tea,14.95
1000159,1004957,Green Tea,14.95
1000160,1004984,Green Tea,14.95
1000161,1004985,Green Tea,14.95
1000162,1005013,Green Tea,14.95
1000163,1005032,Green Tea,14.95
1000164,1005196,Green Tea,14.95
1000165,1005269,Green Tea,14.95
1000166,1005297,Green Tea,14.95
1000167,1005323,Green Tea,14.95
1000168,1005443,Green Tea,14.95
1000169,1005513,Green Tea,14.95
1000170,1005552,Green Tea,14.95
1000171,1005562,Green Tea,14.95
1000172,1005582,Green Tea,14.95
1000173,1005688,Green Tea,14.95
1000174,1005703,Green Tea,14.95
1000175,1005758,Green Tea,14.95
1000176,1005831,Green Tea,14.95
1000177,1005836,Green Tea,14.95
1000178,1005843,Green Tea,14.95
1000179,1005888,Green Tea,14.95
1000180,1005911,Green Tea,14.95
1000181,1005916,Green Tea,14.95
1000182,1006051,Green Tea,14.95
1000183,1006052,Green Tea,14.95
1000184,1006114,Green Tea,14.95
1000185,1006123,Green Tea,14.95
1000186,1006182,Green Tea,14.95
1000187,1006244,Green Tea,14.95
1000188,1006272,Green Tea,14.95
1000189,1006295,Green Tea,14.95
1000190,1006316,Green Tea,14.95
1000191,1006323,Green Tea,14.95
1000192,1006329,Green Tea,14.95
1000193,1006381,Green Tea,14.95
1000194,1006399,Green Tea,14.95
1000195,1006400,Green Tea,14.95
1000196,1006517,Green Tea,14.95
1000197,1006556,Green Tea,14.95
1000198,1006598,Green Tea,14.95
1000199,1006637,Green Tea,14.95
1000200,1006664,Green Tea,14.95
1000201,1006701,Green Tea,14.95
1000202,1006729,Green Tea,14.95
1000203,1006749,Green Tea,14.95
1000204,1006824,Green Tea,14.95
1000205,1006828,Green Tea,14.95
1000206,1006915,Green Tea,14.95
1000207,1006919,Green Tea,14.95
1000208,1006926,Green Tea,14.95
1000209,1006927,Green Tea,14.95
1000210,1006954,Green Tea,14.95
1000211,1006969,Green Tea,14.95
1000212,1006975,Green Tea,14.95
1000213,1006979,Green Tea,14.95
1000214,1007033,Green Tea,14.95
1000215,1007065,Green Tea,14.95
1000216,1007089,Green Tea,14.95
1000217,1007091,Green Tea,14.95
1000218,1007093,Green Tea,14.95
1000219,1007173,Green Tea,14.95
1000220,1007187,Green Tea,14.95
1000221,1007214,Green Tea,14.95
1000222,1007245,Green Tea,14.95
1000223,1007255,Green Tea,14.95
1000224,1007262,Green Tea,14.95
1000225,1007293,Green Tea,14.95
1000226,1007306,Green Tea,14.95
1000227,1007327,Green Tea,14.95
1000228,1007403,Green Tea,14.95
1000229,1007411,Green Tea,14.95
1000230,1007681,Green Tea,14.95
1000231,1007697,Green Tea,14.95
1000232,1007779,Green Tea,14.95
1000233,1007821,Green Tea,14.95
1000234,1007823,Green Tea,14.95
1000235,1007843,Green Tea,14.95
1000236,1007937,Green Tea,14.95
1000237,1007948,Green Tea,14.95
1000238,1007952,Green Tea,14.95
1000239,1007987,Green Tea,14.95
1000240,1008011,Green Tea,14.95
1000241,1008014,Green Tea,14.95
1000242,1008022,Green Tea,14.95
1000243,1008063,Green Tea,14.95
1000244,1008091,Green Tea,14.95
1000245,1008225,Green Tea,14.95
1000246,1008229,Green Tea,14.95
1000247,1008329,Green Tea,14.95
1000248,1008365,Green Tea,14.95
1000249,1008425,Green Tea,14.95
1000250,1008435,Green Tea,14.95
1000251,1008448,Green Tea,14.95
1000252,1008464,Green Tea,14.95
1000253,1008514,Green Tea,14.95
1000254,1008569,Green Tea,14.95
1000255,1008580,Green Tea,14.95
1000256,1008615,Green Tea,14.95
1000257,1008631,Green Tea,14.95
1000258,1008659,Green Tea,14.95
1000259,1008670,Green Tea,14.95
1000260,1008677,Green Tea,14.95
1000261,1008695,Green Tea,14.95
1000262,1008697,Green Tea,14.95
1000263,1008705,Green Tea,14.95
1000264,1008750,Green Tea,14.95
1000265,1008797,Green Tea,14.95
1000266,1008827,Green Tea,14.95
1000267,1008875,Green Tea,14.95
1000268,1008922,Green Tea,14.95
1000269,1008961,Green Tea,14.95
1000270,1008963,Green Tea,14.95
1000271,1009033,Green Tea,14.95
1000272,1009041,Green Tea,14.95
1000273,1009056,Green Tea,14.95
1000274,1009098,Green Tea,14.95
1000275,1009152,Green Tea,14.95
1000276,1009213,Green Tea,14.95
1000277,1009231,Green Tea,14.95
1000278,1009246,Green Tea,14.95
1000279,1009279,Green Tea,14.95
1000280,1009319,Green Tea,14.95
1000281,1009334,Green Tea,14.95
1000282,1009341,Green Tea,14.95
1000283,1009377,Green Tea,14.95
1000284,1009389,Green Tea,14.95
1000285,1009390,Green Tea,14.95
1000286,1009401,Green Tea,14.95
1000287,1009405,Green Tea,14.95
1000288,1009453,Green Tea,14.95
1000289,1009454,Green Tea,14.95
1000290,1009498,Green Tea,14.95
1000291,1009561,Green Tea,14.95
1000292,1009576,Green Tea,14.95
1000293,1009607,Green Tea,14.95
1000294,1009620,Green Tea,14.95
1000295,1009621,Green Tea,14.95
1000296,1009627,Green Tea,14.95
1000297,1009676,Green Tea,14.95
1000298,1009703,Green Tea,14.95
1000299,1009760,Green Tea,14.95
1000300,1009795,Green Tea,14.95
1000301,1009802,Green Tea,14.95
1000302,1009828,Green Tea,14.95
1000303,1009869,Green Tea,14.95
1000304,1009894,Green Tea,14.95
1000305,1009913,Green Tea,14.95
1000306,1009968,Green Tea,14.95
1000307,1009975,Green Tea,14.95
1000308,1009996,Green Tea,14.95
1000309,1010036,Green Tea,14.95
1000310,1010115,Green Tea,14.95
1000311,1010120,Green Tea,14.95
1000312,1010166,Green Tea,14.95
1000313,1010189,Green Tea,14.95
1000314,1010199,Green Tea,14.95
1000315,1010221,Green Tea,14.95
1000316,1010319,Green Tea,14.95
1000317,1010345,Green Tea,14.95
1000318,1010348,Green Tea,14.95
1000319,1010369,Green Tea,14.95
1000320,1010378,Green Tea,14.95
1000321,1010405,Green Tea,14.95
1000322,1010435,Green Tea,14.95
1000323,1010474,Green Tea,14.95
1000324,1010483,Green Tea,14.95
1000325,1010541,Green Tea,14.95
1000326,1010577,Green Tea,14.95
1000327,1010578,Green Tea,14.95
1000328,1010635,Green Tea,14.95
1000329,1010637,Green Tea,14.95
1000330,1010686,Green Tea,14.95
1000331,1010722,Green Tea,14.95
1000332,1010726,Green Tea,14.95
1000333,1010739,Green Tea,14.95
1000334,1010744,Green Tea,14.95
1000335,1010797,Green Tea,14.95
1000336,1010841,Green Tea,14.95
1000337,1010843,Green Tea,14.95
1000338,1010852,Green Tea,14.95
1000339,1010996,Green Tea,14.95
1000340,1011020,Green Tea,14.95
1000341,1011034,Green Tea,14.95
1000342,1011048,Green Tea,14.95
1000343,1011102,Green Tea,14.95
1000344,1011113,Green Tea,14.95
1000345,1011137,Green Tea,14.95
1000346,1011152,Green Tea,14.95
1000347,1011217,Green Tea,14.95
1000348,1011240,Green Tea,14.95
1000349,1011269,Green Tea,14.95
1000350,1011277,Green Tea,14.95
1000351,1011294,Green Tea,14.95
1000352,1011307,Green Tea,14.95
1000353,1011347,Green Tea,14.95
1000354,1011377,Green Tea,14.95
1000355,1011473,Green Tea,14.95
1000356,1011489,Green Tea,14.95
1000357,1011517,Green Tea,14.95
1000358,1011541,Green Tea,14.95
1000359,1011550,Green Tea,14.95
1000360,1011555,Green Tea,14.95
1000361,1011579,Green Tea,14.95
1000362,1011610,Green Tea,14.95
1000363,1011649,Green Tea,14.95
1000364,1011677,Green Tea,14.95
1000365,1011682,Green Tea,14.95
1000366,1011692,Green Tea,14.95
1000367,1011723,Green Tea,14.95
1000368,1011760,Green Tea,14.95
1000369,1011838,Green Tea,14.95
1000370,1011860,Green Tea,14.95
1000371,1011865,Green Tea,14.95
1000372,1011905,Green Tea,14.95
1000373,1011951,Green Tea,14.95
1000374,1011954,Green Tea,14.95
1000375,1011973,Green Tea,14.95
1000376,1011984,Green Tea,14.95
1000377,1012002,Green Tea,14.95
1000378,1012046,Green Tea,14.95
1000379,1012065,Green Tea,14.95
1000380,1012067,Green Tea,14.95
1000381,1012098,Green Tea,14.95
1000382,1012099,Green Tea,14.95
1000383,1012131,Green Tea,14.95
1000384,1012139,Green Tea,14.95
1000385,1012155,Green Tea,14.95
1000386,1012165,Green Tea,14.95
1000387,1012184,Green Tea,14.95
1000388,1012194,Green Tea,14.95
1000389,1012230,Green Tea,14.95
1000390,1012246,Green Tea,14.95
1000391,1012269,Green Tea,14.95
1000392,1012270,Green Tea,14.95
1000393,1012272,Green Tea,14.95
1000394,1012294,Green Tea,14.95
1000395,1012303,Green Tea,14.95
1000396,1012321,Green Tea,14.95
1000397,1012398,Green Tea,14.95
1000398,1012494,Green Tea,14.95
1000399,1012508,Green Tea,14.95
1000400,1012520,Green Tea,14.95
1000401,1012681,Green Tea,14.95
1000402,1012782,Green Tea,14.95
1000403,1012894,Green Tea,14.95
1000404,1012909,Green Tea,14.95
1000405,1012937,Green Tea,14.95
1000406,1012982,Green Tea,14.95
1000407,1013009,Green Tea,14.95
1000408,1013030,Green Tea,14.95
1000409,1013091,Green Tea,14.95
1000410,1013099,Green Tea,14.95
1000411,1013116,Green Tea,14.95
1000412,1013153,Green Tea,14.95
1000413,1013155,Green Tea,14.95
1000414,1013232,Green Tea,14.95
1000415,1013316,Green Tea,14.95
1000416,1013320,Green Tea,14.95
1000417,1013380,Green Tea,14.95
1000418,1013387,Green Tea,14.95
1000419,1013444,Green Tea,14.95
1000420,1013459,Green Tea,14.95
1000421,1013487,Green Tea,14.95
1000422,1013514,Green Tea,14.95
1000423,1013518,Green Tea,14.95
1000424,1013533,Green Tea,14.95
1000425,1013580,Green Tea,14.95
1000426,1013603,Green Tea,14.95
1000427,1013655,Green Tea,14.95
1000428,1013723,Green Tea,14.95
1000429,1013746,Green Tea,14.95
1000430,1013753,Green Tea,14.95
1000431,1013836,Green Tea,14.95
1000432,1013884,Green Tea,14.95
1000433,1013902,Green Tea,14.95
1000434,1013905,Green Tea,14.95
1000435,1013918,Green Tea,14.95
1000436,1013971,Green Tea,14.95
1000437,1013982,Green Tea,14.95
1000438,1014000,Green Tea,14.95
1000439,1014005,Green Tea,14.95
1000440,1014017,Green Tea,14.95
1000441,1014094,Green Tea,14.95
1000442,1014139,Green Tea,14.95
1000443,1014179,Green Tea,14.95
1000444,1014192,Green Tea,14.95
1000445,1014300,Green Tea,14.95
1000446,1014346,Green Tea,14.95
1000447,1014365,Green Tea,14.95
1000448,1014430,Green Tea,14.95
1000449,1014478,Green Tea,14.95
1000450,1014490,Green Tea,14.95
1000451,1014534,Green Tea,14.95
1000452,1014580,Green Tea,14.95
1000453,1014590,Green Tea,14.95
1000454,1014613,Green Tea,14.95
1000455,1014667,Green Tea,14.95
1000456,1014690,Green Tea,14.95
1000457,1014708,Green Tea,14.95
1000458,1014726,Green Tea,14.95
1000459,1014772,Green Tea,14.95
1000460,1014791,Green Tea,14.95
1000461,1014804,Green Tea,14.95
1000462,1014809,Green Tea,14.95
1000463,1014860,Green Tea,14.95
1000464,1014932,Green Tea,14.95
1000465,1015025,Green Tea,14.95
1000466,1015069,Green Tea,14.95
1000467,1015081,Green Tea,14.95
1000468,1015104,Green Tea,14.95
1000469,1015180,Green Tea,14.95
1000470,1015190,Green Tea,14.95
1000471,1015252,Green Tea,14.95
1000472,1015268,Green Tea,14.95
1000473,1015293,Green Tea,14.95
1000474,1015329,Green Tea,14.95
1000475,1015401,Green Tea,14.95
1000476,1015415,Green Tea,14.95
1000477,1015432,Green Tea,14.95
1000478,1015506,Green Tea,14.95
1000479,1015509,Green Tea,14.95
1000480,1015589,Green Tea,14.95
1000481,1015591,Green Tea,14.95
1000482,1015595,Green Tea,14.95
1000483,1015600,Green Tea,14.95
1000484,1015610,Green Tea,14.95
1000485,1015649,Green Tea,14.95
1000486,1015698,Green Tea,14.95
1000487,1015705,Green Tea,14.95
1000488,1015707,Green Tea,14.95
1000489,1015757,Green Tea,14.95
1000490,1015804,Green Tea,14.95
1000491,1015846,Green Tea,14.95
1000492,1015935,Green Tea,14.95
1000493,1015938,Green Tea,14.95
1000494,1016014,Green Tea,14.95
1000495,1016017,Green Tea,14.95
1000496,1016027,Green Tea,14.95
1000497,1016070,Green Tea,14.95
1000498,1016081,Green Tea,14.95
1000499,1016108,Green Tea,14.95
1000500,1016117,Green Tea,14.95
1000501,1016124,Green Tea,14.95
1000502,1016152,Green Tea,14.95
1000503,1016191,Green Tea,14.95
1000504,1016201,Green Tea,14.95
1000505,1016263,Green Tea,14.95
1000506,1016296,Green Tea,14.95
1000507,1016357,Green Tea,14.95
1000508,1016364,Green Tea,14.95
1000509,1016416,Green Tea,14.95
1000510,1016453,Green Tea,14.95
1000511,1016483,Green Tea,14.95
1000512,1016538,Green Tea,14.95
1000513,1016545,Green Tea,14.95
1000514,1016563,Green Tea,14.95
1000515,1016568,Green Tea,14.95
1000516,1016606,Green Tea,14.95
1000517,1016677,Green Tea,14.95
1000518,1016683,Green Tea,14.95
1000519,1016707,Green Tea,14.95
1000520,1016754,Green Tea,14.95
1000521,1016790,Green Tea,14.95
1000522,1016801,Green Tea,14.95
1000523,1016857,Green Tea,14.95
1000524,1016899,Green Tea,14.95
1000525,1016991,Green Tea,14.95
1000526,1017013,Green Tea,14.95
1000527,1017036,Green Tea,14.95
1000528,1017078,Green Tea,14.95
1000529,1017138,Green Tea,14.95
1000530,1017180,Green Tea,14.95
1000531,1017203,Green Tea,14.95
1000532,1017209,Green Tea,14.95
1000533,1017210,Green Tea,14.95
1000534,1017214,Green Tea,14.95
1000535,1017241,Green Tea,14.95
1000536,1017254,Green Tea,14.95
1000537,1017259,Green Tea,14.95
1000538,1017269,Green Tea,14.95
1000539,1017349,Green Tea,14.95
1000540,1017422,Green Tea,14.95
1000541,1017437,Green Tea,14.95
1000542,1017489,Green Tea,14.95
1000543,1017495,Green Tea,14.95
1000544,1017525,Green Tea,14.95
1000545,1017551,Green Tea,14.95
1000546,1017613,Green Tea,14.95
1000547,1017676,Green Tea,14.95
1000548,1017678,Green Tea,14.95
1000549,1017713,Green Tea,14.95
1000550,1017792,Green Tea,14.95
1000551,1017874,Green Tea,14.95
1000552,1017962,Green Tea,14.95
1000553,1017978,Green Tea,14.95
1000554,1017979,Green Tea,14.95
1000555,1018052,Green Tea,14.95
1000556,1018073,Green Tea,14.95
1000557,1018112,Green Tea,14.95
1000558,1018123,Green Tea,14.95
1000559,1018129,Green Tea,14.95
1000560,1018130,Green Tea,14.95
1000561,1018160,Green Tea,14.95
1000562,1018190,Green Tea,14.95
1000563,1018197,Green Tea,14.95
1000564,1018204,Green Tea,14.95
1000565,1018207,Green Tea,14.95
1000566,1018225,Green Tea,14.95
1000567,1018251,Green Tea,14.95
1000568,1018254,Green Tea,14.95
1000569,1018258,Green Tea,14.95
1000570,1018260,Green Tea,14.95
1000571,1018284,Green Tea,14.95
1000572,1018286,Green Tea,14.95
1000573,1018326,Green Tea,14.95
1000574,1018372,Green Tea,14.95
1000575,1018424,Green Tea,14.95
1000576,1018429,Green Tea,14.95
1000577,1018445,Green Tea,14.95
1000578,1018497,Green Tea,14.95
1000579,1018499,Green Tea,14.95
1000580,1018516,Green Tea,14.95
1000581,1018523,Green Tea,14.95
1000582,1018569,Green Tea,14.95
1000583,1018603,Green Tea,14.95
1000584,1018664,Green Tea,14.95
1000585,1018746,Green Tea,14.95
1000586,1018754,Green Tea,14.95
1000587,1018819,Green Tea,14.95
1000588,1018871,Green Tea,14.95
1000589,1018874,Green Tea,14.95
1000590,1018880,Green Tea,14.95
1000591,1018893,Green Tea,14.95
1000592,1018964,Green Tea,14.95
1000593,1018981,Green Tea,14.95
1000594,1018994,Green Tea,14.95
1000595,1019034,Green Tea,14.95
1000596,1019041,Green Tea,14.95
1000597,1019050,Green Tea,14.95
1000598,1019098,Green Tea,14.95
1000599,1019203,Green Tea,14.95
1000600,1019250,Green Tea,14.95
1000601,1019263,Green Tea,14.95
1000602,1019304,Green Tea,14.95
1000603,1019353,Green Tea,14.95
1000604,1019366,Green Tea,14.95
1000605,1019379,Green Tea,14.95
1000606,1019404,Green Tea,14.95
1000607,1019432,Green Tea,14.95
1000608,1019455,Green Tea,14.95
1000609,1019457,Green Tea,14.95
1000610,1019484,Green Tea,14.95
1000611,1019549,Green Tea,14.95
1000612,1019551,Green Tea,14.95
1000613,1019552,Green Tea,14.95
1000614,1019651,Green Tea,14.95
1000615,1019673,Green Tea,14.95
1000616,1019743,Green Tea,14.95
1000617,1019785,Green Tea,14.95
1000618,1019821,Green Tea,14.95
1000619,1019861,Green Tea,14.95
1000620,1019878,Green Tea,14.95
1000621,1019888,Green Tea,14.95
1000622,1019982,Green Tea,14.95
1000623,1020001,Green Tea,14.95
1000624,1020011,Green Tea,14.95
1000625,1020012,Green Tea,14.95
1000626,1020042,Green Tea,14.95
1000627,1020106,Green Tea,14.95
1000628,1020108,Green Tea,14.95
1000629,1020115,Green Tea,14.95
1000630,1020167,Green Tea,14.95
1000631,1020178,Green Tea,14.95
1000632,1020192,Green Tea,14.95
1000633,1020215,Green Tea,14.95
1000634,1020281,Green Tea,14.95
1000635,1020316,Green Tea,14.95
1000636,1020332,Green Tea,14.95
1000637,1020340,Green Tea,14.95
1000638,1020366,Green Tea,14.95
1000639,1020373,Green Tea,14.95
1000640,1020378,Green Tea,14.95
1000641,1020447,Green Tea,14.95
1000642,1020503,Green Tea,14.95
1000643,1020575,Green Tea,14.95
1000644,1020604,Green Tea,14.95
1000645,1020647,Green Tea,14.95
1000646,1020751,Green Tea,14.95
1000647,1020787,Green Tea,14.95
1000648,1020821,Green Tea,14.95
1000649,1020830,Green Tea,14.95
1000650,1020851,Green Tea,14.95
1000651,1020863,Green Tea,14.95
1000652,1020900,Green Tea,14.95
1000653,1020912,Green Tea,14.95
1000654,1020923,Green Tea,14.95
1000655,1020925,Green Tea,14.95
1000656,1020958,Green Tea,14.95
1000657,1020998,Green Tea,14.95
1000658,1021001,Green Tea,14.95
1000659,1021017,Green Tea,14.95
1000660,1021022,Green Tea,14.95
1000661,1021139,Green Tea,14.95
1000662,1021140,Green Tea,14.95
1000663,1021198,Green Tea,14.95
1000664,1021257,Green Tea,14.95
1000665,1021265,Green Tea,14.95
1000666,1021305,Green Tea,14.95
1000667,1021397,Green Tea,14.95
1000668,1021421,Green Tea,14.95
1000669,1021428,Green Tea,14.95
1000670,1021470,Green Tea,14.95
1000671,1021568,Green Tea,14.95
1000672,1021570,Green Tea,14.95
1000673,1021577,Green Tea,14.95
1000674,1021587,Green Tea,14.95
1000675,1021610,Green Tea,14.95
1000676,1021624,Green Tea,14.95
1000677,1021652,Green Tea,14.95
1000678,1021662,Green Tea,14.95
1000679,1021680,Green Tea,14.95
1000680,1021729,Green Tea,14.95
1000681,1021738,Green Tea,14.95
1000682,1021763,Green Tea,14.95
1000683,1021783,Green Tea,14.95
1000684,1021820,Green Tea,14.95
1000685,1021877,Green Tea,14.95
1000686,1021942,Green Tea,14.95
1000687,1021956,Green Tea,14.95
1000688,1021971,Green Tea,14.95
1000689,1021990,Green Tea,14.95
1000690,1022035,Green Tea,14.95
1000691,1022045,Green Tea,14.95
1000692,1022198,Green Tea,14.95
1000693,1022238,Green Tea,14.95
1000694,1022292,Green Tea,14.95
1000695,1022302,Green Tea,14.95
1000696,1022413,Green Tea,14.95
1000697,1022423,Green Tea,14.95
1000698,1022430,Green Tea,14.95
1000699,1022450,Green Tea,14.95
1000700,1022499,Green Tea,14.95
1000701,1022514,Green Tea,14.95
1000702,1022516,Green Tea,14.95
1000703,1022713,Green Tea,14.95
1000704,1022737,Green Tea,14.95
1000705,1022762,Green Tea,14.95
1000706,1022817,Green Tea,14.95
1000707,1022843,Green Tea,14.95
1000708,1022853,Green Tea,14.95
1000709,1022873,Green Tea,14.95
1000710,1022901,Green Tea,14.95
1000711,1022926,Green Tea,14.95
1000712,1022927,Green Tea,14.95
1000713,1022930,Green Tea,14.95
1000714,1022956,Green Tea,14.95
1000715,1022970,Green Tea,14.95
1000716,1023012,Green Tea,14.95
1000717,1023037,Green Tea,14.95
1000718,1023040,Green Tea,14.95
1000719,1023092,Green Tea,14.95
1000720,1023131,Green Tea,14.95
1000721,1023226,Green Tea,14.95
1000722,1023274,Green Tea,14.95
1000723,1023317,Green Tea,14.95
1000724,1023327,Green Tea,14.95
1000725,1023370,Green Tea,14.95
1000726,1023392,Green Tea,14.95
1000727,1023393,Green Tea,14.95
1000728,1023535,Green Tea,14.95
1000729,1023537,Green Tea,14.95
1000730,1023554,Green Tea,14.95
1000731,1023564,Green Tea,14.95
1000732,1023601,Green Tea,14.95
1000733,1023614,Green Tea,14.95
1000734,1023615,Green Tea,14.95
1000735,1023795,Green Tea,14.95
1000736,1023821,Green Tea,14.95
1000737,1023836,Green Tea,14.95
1000738,1023865,Green Tea,14.95
1000739,1023880,Green Tea,14.95
1000740,1023987,Green Tea,14.95
1000741,1024015,Green Tea,14.95
1000742,1024031,Green Tea,14.95
1000743,1024059,Green Tea,14.95
1000744,1024070,Green Tea,14.95
1000745,1024126,Green Tea,14.95
1000746,1024238,Green Tea,14.95
1000747,1024268,Green Tea,14.95
1000748,1024282,Green Tea,14.95
1000749,1024286,Green Tea,14.95
1000750,1024298,Green Tea,14.95
1000751,1024364,Green Tea,14.95
1000752,1024478,Green Tea,14.95
1000753,1024583,Green Tea,14.95
1000754,1024592,Green Tea,14.95
1000755,1024605,Green Tea,14.95
1000756,1024610,Green Tea,14.95
1000757,1024614,Green Tea,14.95
1000758,1024642,Green Tea,14.95
1000759,1024653,Green Tea,14.95
1000760,1024670,Green Tea,14.95
1000761,1024726,Green Tea,14.95
1000762,1024789,Green Tea,14.95
1000763,1024806,Green Tea,14.95
1000764,1024828,Green Tea,14.95
1000765,1024847,Green Tea,14.95
1000766,1024852,Green Tea,14.95
1000767,1024901,Green Tea,14.95
1000768,1024948,Green Tea,14.95
1000769,1024969,Green Tea,14.95
1000770,1024987,Green Tea,14.95
1000771,1024996,Green Tea,14.95
1000772,1025059,Green Tea,14.95
1000773,1025074,Green Tea,14.95
1000774,1025093,Green Tea,14.95
1000775,1025131,Green Tea,14.95
1000776,1025157,Green Tea,14.95
1000777,1025227,Green Tea,14.95
1000778,1025248,Green Tea,14.95
1000779,1025299,Green Tea,14.95
1000780,1025307,Green Tea,14.95
1000781,1025313,Green Tea,14.95
1000782,1025363,Green Tea,14.95
1000783,1025381,Green Tea,14.95
1000784,1025417,Green Tea,14.95
1000785,1025436,Green Tea,14.95
1000786,1025438,Green Tea,14.95
1000787,1025452,Green Tea,14.95
1000788,1025536,Green Tea,14.95
1000789,1025560,Green Tea,14.95
1000790,1025585,Green Tea,14.95
1000791,1025613,Green Tea,14.95
1000792,1025618,Green Tea,14.95
1000793,1025624,Green Tea,14.95
1000794,1025638,Green Tea,14.95
1000795,1025639,Green Tea,14.95
1000796,1025684,Green Tea,14.95
1000797,1025699,Green Tea,14.95
1000798,1025734,Green Tea,14.95
1000799,1025748,Green Tea,14.95
1000800,1025755,Green Tea,14.95
1000801,1025808,Green Tea,14.95
1000802,1025818,Green Tea,14.95
1000803,1025821,Green Tea,14.95
1000804,1025830,Green Tea,14.95
1000805,1025862,Green Tea,14.95
1000806,1025869,Green Tea,14.95
1000807,1025881,Green Tea,14.95
1000808,1025904,Green Tea,14.95
1000809,1025905,Green Tea,14.95
1000810,1025907,Green Tea,14.95
1000811,1025926,Green Tea,14.95
1000812,1025940,Green Tea,14.95
1000813,1025985,Green Tea,14.95
1000814,1026011,Green Tea,14.95
1000815,1026018,Green Tea,14.95
1000816,1026025,Green Tea,14.95
1000817,1026030,Green Tea,14.95
1000818,1026036,Green Tea,14.95
1000819,1026042,Green Tea,14.95
1000820,1026086,Green Tea,14.95
1000821,1026089,Green Tea,14.95
1000822,1026091,Green Tea,14.95
1000823,1026130,Green Tea,14.95
1000824,1026136,Green Tea,14.95
1000825,1026153,Green Tea,14.95
1000826,1026161,Green Tea,14.95
1000827,1026220,Green Tea,14.95
1000828,1026279,Green Tea,14.95
1000829,1026295,Green Tea,14.95
1000830,1026320,Green Tea,14.95
1000831,1026325,Green Tea,14.95
1000832,1026365,Green Tea,14.95
1000833,1026371,Green Tea,14.95
1000834,1026397,Green Tea,14.95
1000835,1026407,Green Tea,14.95
1000836,1026456,Green Tea,14.95
1000837,1026506,Green Tea,14.95
1000838,1026516,Green Tea,14.95
1000839,1026535,Green Tea,14.95
1000840,1026569,Green Tea,14.95
1000841,1026580,Green Tea,14.95
1000842,1026609,Green Tea,14.95
1000843,1026623,Green Tea,14.95
1000844,1026677,Green Tea,14.95
1000845,1026711,Green Tea,14.95
1000846,1026722,Green Tea,14.95
1000847,1026801,Green Tea,14.95
1000848,1026812,Green Tea,14.95
1000849,1026821,Green Tea,14.95
1000850,1026823,Green Tea,14.95
1000851,1026835,Green Tea,14.95
1000852,1026863,Green Tea,14.95
1000853,1026898,Green Tea,14.95
1000854,1026900,Green Tea,14.95
1000855,1026942,Green Tea,14.95
1000856,1026971,Green Tea,14.95
1000857,1026978,Green Tea,14.95
1000858,1027040,Green Tea,14.95
1000859,1027081,Green Tea,14.95
1000860,1027104,Green Tea,14.95
1000861,1027129,Green Tea,14.95
1000862,1027158,Green Tea,14.95
1000863,1027184,Green Tea,14.95
1000864,1027191,Green Tea,14.95
1000865,1027240,Green Tea,14.95
1000866,1027256,Green Tea,14.95
1000867,1027280,Green Tea,14.95
1000868,1027364,Green Tea,14.95
1000869,1027376,Green Tea,14.95
1000870,1027387,Green Tea,14.95
1000871,1027391,Green Tea,14.95
1000872,1027437,Green Tea,14.95
1000873,1027445,Green Tea,14.95
1000874,1027475,Green Tea,14.95
1000875,1027487,Green Tea,14.95
1000876,1027515,Green Tea,14.95
1000877,1027520,Green Tea,14.95
1000878,1027558,Green Tea,14.95
1000879,1027566,Green Tea,14.95
1000880,1027644,Green Tea,14.95
1000881,1027703,Green Tea,14.95
1000882,1027708,Green Tea,14.95
1000883,1027746,Green Tea,14.95
1000884,1027823,Green Tea,14.95
1000885,1027864,Green Tea,14.95
1000886,1027885,Green Tea,14.95
1000887,1027921,Green Tea,14.95
1000888,1027973,Green Tea,14.95
1000889,1027976,Green Tea,14.95
1000890,1027994,Green Tea,14.95
1000891,1027998,Green Tea,14.95
1000892,1028008,Green Tea,14.95
1000893,1028081,Green Tea,14.95
1000894,1028100,Green Tea,14.95
1000895,1028107,Green Tea,14.95
1000896,1028119,Green Tea,14.95
1000897,1028137,Green Tea,14.95
1000898,1028238,Green Tea,14.95
1000899,1028249,Green Tea,14.95
1000900,1028277,Green Tea,14.95
1000901,1028292,Green Tea,14.95
1000902,1028328,Green Tea,14.95
1000903,1028331,Green Tea,14.95
1000904,1028369,Green Tea,14.95
1000905,1028510,Green Tea,14.95
1000906,1028535,Green Tea,14.95
1000907,1028579,Green Tea,14.95
1000908,1028585,Green Tea,14.95
1000909,1028627,Green Tea,14.95
1000910,1028673,Green Tea,14.95
1000911,1028745,Green Tea,14.95
1000912,1028756,Green Tea,14.95
1000913,1028783,Green Tea,14.95
1000914,1028821,Green Tea,14.95
1000915,1028844,Green Tea,14.95
1000916,1028897,Green Tea,14.95
1000917,1028995,Green Tea,14.95
1000918,1029008,Green Tea,14.95
1000919,1029024,Green Tea,14.95
1000920,1029108,Green Tea,14.95
1000921,1029115,Green Tea,14.95
1000922,1029188,Green Tea,14.95
1000923,1029235,Green Tea,14.95
1000924,1029237,Green Tea,14.95
1000925,1029241,Green Tea,14.95
1000926,1029270,Green Tea,14.95
1000927,1029391,Green Tea,14.95
1000928,1029409,Green Tea,14.95
1000929,1029435,Green Tea,14.95
1000930,1029499,Green Tea,14.95
1000931,1029511,Green Tea,14.95
1000932,1029587,Green Tea,14.95
1000933,1029660,Green Tea,14.95
1000934,1029692,Green Tea,14.95
1000935,1029708,Green Tea,14.95
1000936,1029739,Green Tea,14.95
1000937,1029795,Green Tea,14.95
1000938,1029871,Green Tea,14.95
1000939,1029904,Green Tea,14.95
1000940,1029919,Green Tea,14.95
1000941,1029957,Green Tea,14.95
1000942,1029980,Green Tea,14.95
1000943,1029999,Green Tea,14.95
1000944,1030004,Green Tea,14.95
1000945,1030031,Green Tea,14.95
1000946,1030135,Green Tea,14.95
1000947,1030179,Green Tea,14.95
1000948,1030247,Green Tea,14.95
1000949,1030266,Green Tea,14.95
1000950,1030282,Green Tea,14.95
1000951,1030292,Green Tea,14.95
1000952,1030311,Green Tea,14.95
1000953,1030346,Green Tea,14.95
1000954,1030364,Green Tea,14.95
1000955,1030367,Green Tea,14.95
1000956,1030370,Green Tea,14.95
1000957,1030372,Green Tea,14.95
1000958,1030435,Green Tea,14.95
1000959,1030445,Green Tea,14.95
1000960,1030490,Green Tea,14.95
1000961,1030537,Green Tea,14.95
1000962,1030552,Green Tea,14.95
1000963,1030585,Green Tea,14.95
1000964,1030586,Green Tea,14.95
1000965,1030589,Green Tea,14.95
1000966,1030644,Green Tea,14.95
1000967,1030665,Green Tea,14.95
1000968,1030675,Green Tea,14.95
1000969,1030715,Green Tea,14.95
1000970,1030720,Green Tea,14.95
1000971,1030725,Green Tea,14.95
1000972,1030771,Green Tea,14.95
1000973,1030821,Green Tea,14.95
1000974,1030854,Green Tea,14.95
1000975,1030865,Green Tea,14.95
1000976,1030872,Green Tea,14.95
1000977,1030990,Green Tea,14.95
1000978,1030995,Green Tea,14.95
1000979,1031016,Green Tea,14.95
1000980,1031019,Green Tea,14.95
1000981,1031044,Green Tea,14.95
1000982,1031082,Green Tea,14.95
1000983,1031090,Green Tea,14.95
1000984,1031096,Green Tea,14.95
1000985,1031133,Green Tea,14.95
1000986,1031134,Green Tea,14.95
1000987,1031155,Green Tea,14.95
1000988,1031195,Green Tea,14.95
1000989,1031213,Green Tea,14.95
1000990,1031255,Green Tea,14.95
1000991,1031276,Green Tea,14.95
1000992,1031312,Green Tea,14.95
1000993,1031321,Green Tea,14.95
1000994,1031336,Green Tea,14.95
1000995,1031344,Green Tea,14.95
1000996,1031350,Green Tea,14.95
1000997,1031395,Green Tea,14.95
1000998,1031454,Green Tea,14.95
1000999,1031522,Green Tea,14.95
1001000,1031542,Green Tea,14.95
1001001,1031546,Green Tea,14.95
1001002,1031579,Green Tea,14.95
1001003,1031586,Green Tea,14.95
1001004,1031595,Green Tea,14.95
1001005,1031659,Green Tea,14.95
1001006,1031666,Green Tea,14.95
1001007,1031674,Green Tea,14.95
1001008,1031687,Green Tea,14.95
1001009,1031761,Green Tea,14.95
1001010,1031782,Green Tea,14.95
1001011,1031790,Green Tea,14.95
1001012,1031814,Green Tea,14.95
1001013,1031898,Green Tea,14.95
1001014,1031911,Green Tea,14.95
1001015,1031918,Green Tea,14.95
1001016,1031945,Green Tea,14.95
1001017,1031977,Green Tea,14.95
1001018,1032020,Green Tea,14.95
1001019,1032036,Green Tea,14.95
1001020,1032037,Green Tea,14.95
1001021,1032045,Green Tea,14.95
1001022,1032063,Green Tea,14.95
1001023,1032151,Green Tea,14.95
1001024,1032175,Green Tea,14.95
1001025,1032182,Green Tea,14.95
1001026,1032183,Green Tea,14.95
1001027,1032287,Green Tea,14.95
1001028,1032305,Green Tea,14.95
1001029,1032322,Green Tea,14.95
1001030,1032359,Green Tea,14.95
1001031,1032395,Green Tea,14.95
1001032,1032398,Green Tea,14.95
1001033,1032401,Green Tea,14.95
1001034,1032413,Green Tea,14.95
1001035,1032447,Green Tea,14.95
1001036,1032484,Green Tea,14.95
1001037,1032549,Green Tea,14.95
1001038,1032552,Green Tea,14.95
1001039,1032567,Green Tea,14.95
1001040,1032599,Green Tea,14.95
1001041,1032646,Green Tea,14.95
1001042,1032674,Green Tea,14.95
1001043,1032678,Green Tea,14.95
1001044,1032729,Green Tea,14.95
1001045,1032747,Green Tea,14.95
1001046,1032754,Green Tea,14.95
1001047,1032760,Green Tea,14.95
1001048,1032789,Green Tea,14.95
1001049,1032790,Green Tea,14.95
1001050,1032836,Green Tea,14.95
1001051,1032908,Green Tea,14.95
1001052,1032928,Green Tea,14.95
1001053,1032975,Green Tea,14.95
1001054,1033016,Green Tea,14.95
1001055,1033067,Green Tea,14.95
1001056,1033074,Green Tea,14.95
1001057,1033219,Green Tea,14.95
1001058,1033243,Green Tea,14.95
1001059,1033316,Green Tea,14.95
1001060,1033319,Green Tea,14.95
1001061,1033354,Green Tea,14.95
1001062,1033361,Green Tea,14.95
1001063,1033401,Green Tea,14.95
1001064,1033402,Green Tea,14.95
1001065,1033425,Green Tea,14.95
1001066,1033444,Green Tea,14.95
1001067,1033468,Green Tea,14.95
1001068,1033474,Green Tea,14.95
1001069,1033503,Green Tea,14.95
1001070,1033528,Green Tea,14.95
1001071,1033590,Green Tea,14.95
1001072,1033617,Green Tea,14.95
1001073,1033662,Green Tea,14.95
1001074,1033663,Green Tea,14.95
1001075,1033714,Green Tea,14.95
1001076,1033746,Green Tea,14.95
1001077,1033769,Green Tea,14.95
1001078,1033779,Green Tea,14.95
1001079,1033787,Green Tea,14.95
1001080,1033827,Green Tea,14.95
1001081,1033854,Green Tea,14.95
1001082,1033855,Green Tea,14.95
1001083,1033877,Green Tea,14.95
1001084,1033929,Green Tea,14.95
1001085,1033981,Green Tea,14.95
1001086,1034008,Green Tea,14.95
1001087,1034027,Green Tea,14.95
1001088,1034031,Green Tea,14.95
1001089,1034066,Green Tea,14.95
1001090,1034073,Green Tea,14.95
1001091,1034126,Green Tea,14.95
1001092,1034132,Green Tea,14.95
1001093,1034141,Green Tea,14.95
1001094,1034147,Green Tea,14.95
1001095,1034148,Green Tea,14.95
1001096,1034200,Green Tea,14.95
1001097,1034208,Green Tea,14.95
1001098,1034213,Green Tea,14.95
1001099,1034238,Green Tea,14.95
1001100,1034248,Green Tea,14.95
1001101,1034258,Green Tea,14.95
1001102,1034292,Green Tea,14.95
1001103,1034341,Green Tea,14.95
1001104,1034350,Green Tea,14.95
1001105,1034375,Green Tea,14.95
1001106,1034409,Green Tea,14.95
1001107,1034445,Green Tea,14.95
1001108,1034489,Green Tea,14.95
1001109,1034490,Green Tea,14.95
1001110,1034575,Green Tea,14.95
1001111,1034605,Green Tea,14.95
1001112,1034667,Green Tea,14.95
1001113,1034703,Green Tea,14.95
1001114,1034727,Green Tea,14.95
1001115,1034825,Green Tea,14.95
1001116,1034943,Green Tea,14.95
1001117,1035010,Green Tea,14.95
1001118,1035049,Green Tea,14.95
1001119,1035071,Green Tea,14.95
1001120,1035103,Green Tea,14.95
1001121,1035104,Green Tea,14.95
1001122,1035147,Green Tea,14.95
1001123,1035189,Green Tea,14.95
1001124,1035206,Green Tea,14.95
1001125,1035211,Green Tea,14.95
1001126,1035269,Green Tea,14.95
1001127,1035280,Green Tea,14.95
1001128,1035281,Green Tea,14.95
1001129,1035282,Green Tea,14.95
1001130,1035288,Green Tea,14.95
1001131,1035291,Green Tea,14.95
1001132,1035334,Green Tea,14.95
1001133,1035387,Green Tea,14.95
1001134,1035399,Green Tea,14.95
1001135,1035422,Green Tea,14.95
1001136,1035449,Green Tea,14.95
1001137,1035508,Green Tea,14.95
1001138,1035517,Green Tea,14.95
1001139,1035552,Green Tea,14.95
1001140,1035655,Green Tea,14.95
1001141,1035753,Green Tea,14.95
1001142,1035808,Green Tea,14.95
1001143,1035832,Green Tea,14.95
1001144,1035893,Green Tea,14.95
1001145,1035947,Green Tea,14.95
1001146,1036048,Green Tea,14.95
1001147,1036083,Green Tea,14.95
1001148,1036095,Green Tea,14.95
1001149,1036119,Green Tea,14.95
1001150,1036126,Green Tea,14.95
1001151,1036199,Green Tea,14.95
1001152,1036295,Green Tea,14.95
1001153,1036312,Green Tea,14.95
1001154,1036318,Green Tea,14.95
1001155,1036359,Green Tea,14.95
1001156,1036421,Green Tea,14.95
1001157,1036509,Green Tea,14.95
1001158,1036549,Green Tea,14.95
1001159,1036591,Green Tea,14.95
1001160,1036602,Green Tea,14.95
1001161,1036622,Green Tea,14.95
1001162,1036642,Green Tea,14.95
1001163,1036665,Green Tea,14.95
1001164,1036670,Green Tea,14.95
1001165,1036702,Green Tea,14.95
1001166,1036759,Green Tea,14.95
1001167,1036895,Green Tea,14.95
1001168,1036902,Green Tea,14.95
1001169,1036903,Green Tea,14.95
1001170,1036925,Green Tea,14.95
1001171,1036935,Green Tea,14.95
1001172,1036952,Green Tea,14.95
1001173,1036999,Green Tea,14.95
1001174,1037001,Green Tea,14.95
1001175,1037033,Green Tea,14.95
1001176,1037073,Green Tea,14.95
1001177,1037130,Green Tea,14.95
1001178,1037161,Green Tea,14.95
1001179,1037163,Green Tea,14.95
1001180,1037184,Green Tea,14.95
1001181,1037191,Green Tea,14.95
1001182,1037214,Green Tea,14.95
1001183,1037265,Green Tea,14.95
1001184,1037288,Green Tea,14.95
1001185,1037291,Green Tea,14.95
1001186,1037324,Green Tea,14.95
1001187,1037337,Green Tea,14.95
1001188,1037352,Green Tea,14.95
1001189,1037399,Green Tea,14.95
1001190,1037401,Green Tea,14.95
1001191,1037413,Green Tea,14.95
1001192,1037440,Green Tea,14.95
1001193,1037486,Green Tea,14.95
1001194,1037617,Green Tea,14.95
1001195,1037649,Green Tea,14.95
1001196,1037672,Green Tea,14.95
1001197,1037730,Green Tea,14.95
1001198,1037731,Green Tea,14.95
1001199,1037750,Green Tea,14.95
1001200,1037759,Green Tea,14.95
1001201,1037801,Green Tea,14.95
1001202,1037805,Green Tea,14.95
1001203,1037827,Green Tea,14.95
1001204,1037972,Green Tea,14.95
1001205,1037979,Green Tea,14.95
1001206,1038023,Green Tea,14.95
1001207,1038042,Green Tea,14.95
1001208,1038053,Green Tea,14.95
1001209,1038082,Green Tea,14.95
1001210,1038097,Green Tea,14.95
1001211,1038154,Green Tea,14.95
1001212,1038226,Green Tea,14.95
1001213,1038247,Green Tea,14.95
1001214,1038255,Green Tea,14.95
1001215,1038282,Green Tea,14.95
1001216,1038286,Green Tea,14.95
1001217,1038306,Green Tea,14.95
1001218,1038386,Green Tea,14.95
1001219,1038424,Green Tea,14.95
1001220,1038436,Green Tea,14.95
1001221,1038475,Green Tea,14.95
1001222,1038521,Green Tea,14.95
1001223,1038527,Green Tea,14.95
1001224,1038558,Green Tea,14.95
1001225,1038573,Green Tea,14.95
1001226,1038607,Green Tea,14.95
1001227,1038640,Green Tea,14.95
1001228,1038660,Green Tea,14.95
1001229,1038669,Green Tea,14.95
1001230,1038705,Green Tea,14.95
1001231,1038738,Green Tea,14.95
1001232,1038766,Green Tea,14.95
1001233,1038822,Green Tea,14.95
1001234,1038874,Green Tea,14.95
1001235,1038899,Green Tea,14.95
1001236,1038900,Green Tea,14.95
1001237,1038902,Green Tea,14.95
1001238,1038977,Green Tea,14.95
1001239,1039011,Green Tea,14.95
1001240,1039032,Green Tea,14.95
1001241,1039059,Green Tea,14.95
1001242,1039093,Green Tea,14.95
1001243,1039134,Green Tea,14.95
1001244,1039152,Green Tea,14.95
1001245,1039167,Green Tea,14.95
1001246,1039215,Green Tea,14.95
1001247,1039240,Green Tea,14.95
1001248,1039251,Green Tea,14.95
1001249,1039258,Green Tea,14.95
1001250,1039285,Green Tea,14.95
1001251,1039323,Green Tea,14.95
1001252,1039331,Green Tea,14.95
1001253,1039364,Green Tea,14.95
1001254,1039393,Green Tea,14.95
1001255,1039413,Green Tea,14.95
1001256,1039424,Green Tea,14.95
1001257,1039450,Green Tea,14.95
1001258,1039465,Green Tea,14.95
1001259,1039467,Green Tea,14.95
1001260,1039481,Green Tea,14.95
1001261,1039482,Green Tea,14.95
1001262,1039485,Green Tea,14.95
1001263,1039503,Green Tea,14.95
1001264,1039507,Green Tea,14.95
1001265,1039528,Green Tea,14.95
1001266,1039557,Green Tea,14.95
1001267,1039582,Green Tea,14.95
1001268,1039606,Green Tea,14.95
1001269,1039677,Green Tea,14.95
1001270,1039680,Green Tea,14.95
1001271,1039681,Green Tea,14.95
1001272,1039686,Green Tea,14.95
1001273,1039722,Green Tea,14.95
1001274,1039726,Green Tea,14.95
1001275,1039755,Green Tea,14.95
1001276,1039758,Green Tea,14.95
1001277,1039770,Green Tea,14.95
1001278,1039801,Green Tea,14.95
1001279,1039857,Green Tea,14.95
1001280,1039858,Green Tea,14.95
1001281,1039882,Green Tea,14.95
1001282,1039957,Green Tea,14.95
1001283,1039987,Green Tea,14.95
1001284,1039999,Green Tea,14.95
1001285,1040039,Green Tea,14.95
1001286,1040062,Green Tea,14.95
1001287,1040078,Green Tea,14.95
1001288,1040164,Green Tea,14.95
1001289,1040182,Green Tea,14.95
1001290,1040213,Green Tea,14.95
1001291,1040229,Green Tea,14.95
1001292,1040237,Green Tea,14.95
1001293,1040269,Green Tea,14.95
1001294,1040299,Green Tea,14.95
1001295,1040300,Green Tea,14.95
1001296,1040310,Green Tea,14.95
1001297,1040336,Green Tea,14.95
1001298,1040359,Green Tea,14.95
1001299,1040368,Green Tea,14.95
1001300,1040449,Green Tea,14.95
1001301,1040462,Green Tea,14.95
1001302,1040487,Green Tea,14.95
1001303,1040583,Green Tea,14.95
1001304,1040589,Green Tea,14.95
1001305,1040626,Green Tea,14.95
1001306,1040633,Green Tea,14.95
1001307,1040645,Green Tea,14.95
1001308,1040652,Green Tea,14.95
1001309,1040717,Green Tea,14.95
1001310,1040747,Green Tea,14.95
1001311,1040752,Green Tea,14.95
1001312,1040818,Green Tea,14.95
1001313,1040888,Green Tea,14.95
1001314,1040889,Green Tea,14.95
1001315,1040892,Green Tea,14.95
1001316,1040972,Green Tea,14.95
1001317,1040977,Green Tea,14.95
1001318,1041032,Green Tea,14.95
1001319,1041068,Green Tea,14.95
1001320,1041108,Green Tea,14.95
1001321,1041116,Green Tea,14.95
1001322,1041129,Green Tea,14.95
1001323,1041179,Green Tea,14.95
1001324,1041184,Green Tea,14.95
1001325,1041194,Green Tea,14.95
1001326,1041228,Green Tea,14.95
1001327,1041250,Green Tea,14.95
1001328,1041285,Green Tea,14.95
1001329,1041305,Green Tea,14.95
1001330,1041344,Green Tea,14.95
1001331,1041385,Green Tea,14.95
1001332,1041480,Green Tea,14.95
1001333,1041496,Green Tea,14.95
1001334,1041531,Green Tea,14.95
1001335,1041586,Green Tea,14.95
1001336,1041618,Green Tea,14.95
1001337,1041649,Green Tea,14.95
1001338,1041652,Green Tea,14.95
1001339,1041698,Green Tea,14.95
1001340,1041713,Green Tea,14.95
1001341,1041738,Green Tea,14.95
1001342,1041794,Green Tea,14.95
1001343,1041826,Green Tea,14.95
1001344,1041887,Green Tea,14.95
1001345,1042047,Green Tea,14.95
1001346,1042055,Green Tea,14.95
1001347,1042066,Green Tea,14.95
1001348,1042074,Green Tea,14.95
1001349,1042110,Green Tea,14.95
1001350,1042111,Green Tea,14.95
1001351,1042116,Green Tea,14.95
1001352,1042155,Green Tea,14.95
1001353,1042196,Green Tea,14.95
1001354,1042226,Green Tea,14.95
1001355,1042280,Green Tea,14.95
1001356,1042288,Green Tea,14.95
1001357,1042326,Green Tea,14.95
1001358,1042366,Green Tea,14.95
1001359,1042383,Green Tea,14.95
1001360,1042385,Green Tea,14.95
1001361,1042424,Green Tea,14.95
1001362,1042427,Green Tea,14.95
1001363,1042452,Green Tea,14.95
1001364,1042464,Green Tea,14.95
1001365,1042487,Green Tea,14.95
1001366,1042500,Green Tea,14.95
1001367,1042525,Green Tea,14.95
1001368,1042530,Green Tea,14.95
1001369,1042548,Green Tea,14.95
1001370,1042578,Green Tea,14.95
1001371,1042588,Green Tea,14.95
1001372,1042611,Green Tea,14.95
1001373,1042618,Green Tea,14.95
1001374,1042663,Green Tea,14.95
1001375,1042684,Green Tea,14.95
1001376,1042736,Green Tea,14.95
1001377,1042737,Green Tea,14.95
1001378,1042790,Green Tea,14.95
1001379,1042801,Green Tea,14.95
1001380,1042806,Green Tea,14.95
1001381,1042830,Green Tea,14.95
1001382,1042886,Green Tea,14.95
1001383,1042924,Green Tea,14.95
1001384,1042998,Green Tea,14.95
1001385,1043005,Green Tea,14.95
1001386,1043012,Green Tea,14.95
1001387,1043069,Green Tea,14.95
1001388,1043084,Green Tea,14.95
1001389,1043120,Green Tea,14.95
1001390,1043123,Green Tea,14.95
1001391,1043263,Green Tea,14.95
1001392,1043338,Green Tea,14.95
1001393,1043361,Green Tea,14.95
1001394,1043368,Green Tea,14.95
1001395,1043389,Green Tea,14.95
1001396,1043444,Green Tea,14.95
1001397,1043459,Green Tea,14.95
1001398,1043471,Green Tea,14.95
1001399,1043515,Green Tea,14.95
1001400,1043534,Green Tea,14.95
1001401,1043553,Green Tea,14.95
1001402,1043569,Green Tea,14.95
1001403,1043590,Green Tea,14.95
1001404,1043622,Green Tea,14.95
1001405,1043627,Green Tea,14.95
1001406,1043720,Green Tea,14.95
1001407,1043767,Green Tea,14.95
1001408,1043781,Green Tea,14.95
1001409,1043794,Green Tea,14.95
1001410,1043859,Green Tea,14.95
1001411,1043881,Green Tea,14.95
1001412,1043886,Green Tea,14.95
1001413,1043904,Green Tea,14.95
1001414,1043940,Green Tea,14.95
1001415,1043942,Green Tea,14.95
1001416,1043945,Green Tea,14.95
1001417,1043971,Green Tea,14.95
1001418,1043973,Green Tea,14.95
1001419,1043984,Green Tea,14.95
1001420,1044043,Green Tea,14.95
1001421,1044090,Green Tea,14.95
1001422,1044097,Green Tea,14.95
1001423,1044105,Green Tea,14.95
1001424,1044123,Green Tea,14.95
1001425,1044225,Green Tea,14.95
1001426,1044228,Green Tea,14.95
1001427,1044248,Green Tea,14.95
1001428,1044255,Green Tea,14.95
1001429,1044278,Green Tea,14.95
1001430,1044282,Green Tea,14.95
1001431,1044377,Green Tea,14.95
1001432,1044456,Green Tea,14.95
1001433,1044575,Green Tea,14.95
1001434,1044608,Green Tea,14.95
1001435,1044619,Green Tea,14.95
1001436,1044684,Green Tea,14.95
1001437,1044773,Green Tea,14.95
1001438,1044796,Green Tea,14.95
1001439,1044844,Green Tea,14.95
1001440,1044862,Green Tea,14.95
1001441,1044910,Green Tea,14.95
1001442,1044934,Green Tea,14.95
1001443,1045079,Green Tea,14.95
1001444,1045082,Green Tea,14.95
1001445,1045083,Green Tea,14.95
1001446,1045116,Green Tea,14.95
1001447,1045120,Green Tea,14.95
1001448,1045140,Green Tea,14.95
1001449,1045181,Green Tea,14.95
1001450,1045242,Green Tea,14.95
1001451,1045274,Green Tea,14.95
1001452,1045366,Green Tea,14.95
1001453,1045453,Green Tea,14.95
1001454,1045462,Green Tea,14.95
1001455,1045487,Green Tea,14.95
1001456,1045497,Green Tea,14.95
1001457,1045551,Green Tea,14.95
1001458,1045643,Green Tea,14.95
1001459,1045660,Green Tea,14.95
1001460,1045729,Green Tea,14.95
1001461,1045833,Green Tea,14.95
1001462,1045840,Green Tea,14.95
1001463,1045871,Green Tea,14.95
1001464,1045886,Green Tea,14.95
1001465,1045889,Green Tea,14.95
1001466,1045901,Green Tea,14.95
1001467,1045913,Green Tea,14.95
1001468,1045944,Green Tea,14.95
1001469,1045946,Green Tea,14.95
1001470,1045966,Green Tea,14.95
1001471,1045974,Green Tea,14.95
1001472,1046071,Green Tea,14.95
1001473,1046076,Green Tea,14.95
1001474,1046089,Green Tea,14.95
1001475,1046107,Green Tea,14.95
1001476,1046137,Green Tea,14.95
1001477,1046146,Green Tea,14.95
1001478,1046147,Green Tea,14.95
1001479,1046195,Green Tea,14.95
1001480,1046211,Green Tea,14.95
1001481,1046217,Green Tea,14.95
1001482,1046264,Green Tea,14.95
1001483,1046268,Green Tea,14.95
1001484,1046278,Green Tea,14.95
1001485,1046289,Green Tea,14.95
1001486,1046300,Green Tea,14.95
1001487,1046334,Green Tea,14.95
1001488,1046373,Green Tea,14.95
1001489,1046397,Green Tea,14.95
1001490,1046409,Green Tea,14.95
1001491,1046478,Green Tea,14.95
1001492,1046537,Green Tea,14.95
1001493,1046540,Green Tea,14.95
1001494,1046553,Green Tea,14.95
1001495,1046649,Green Tea,14.95
1001496,1046657,Green Tea,14.95
1001497,1046731,Green Tea,14.95
1001498,1046734,Green Tea,14.95
1001499,1046767,Green Tea,14.95
1001500,1046804,Green Tea,14.95
1001501,1046838,Green Tea,14.95
1001502,1046840,Green Tea,14.95
1001503,1046863,Green Tea,14.95
1001504,1046872,Green Tea,14.95
1001505,1046914,Green Tea,14.95
1001506,1047022,Green Tea,14.95
1001507,1047052,Green Tea,14.95
1001508,1047104,Green Tea,14.95
1001509,1047114,Green Tea,14.95
1001510,1047125,Green Tea,14.95
1001511,1047147,Green Tea,14.95
1001512,1047160,Green Tea,14.95
1001513,1047172,Green Tea,14.95
1001514,1047216,Green Tea,14.95
1001515,1047236,Green Tea,14.95
1001516,1047274,Green Tea,14.95
1001517,1047282,Green Tea,14.95
1001518,1047329,Green Tea,14.95
1001519,1047337,Green Tea,14.95
1001520,1047338,Green Tea,14.95
1001521,1047389,Green Tea,14.95
1001522,1047422,Green Tea,14.95
1001523,1047434,Green Tea,14.95
1001524,1047444,Green Tea,14.95
1001525,1047506,Green Tea,14.95
1001526,1047511,Green Tea,14.95
1001527,1047515,Green Tea,14.95
1001528,1047567,Green Tea,14.95
1001529,1047604,Green Tea,14.95
1001530,1047615,Green Tea,14.95
1001531,1047636,Green Tea,14.95
1001532,1047712,Green Tea,14.95
1001533,1047738,Green Tea,14.95
1001534,1047874,Green Tea,14.95
1001535,1047885,Green Tea,14.95
1001536,1047912,Green Tea,14.95
1001537,1047929,Green Tea,14.95
1001538,1047949,Green Tea,14.95
1001539,1047954,Green Tea,14.95
1001540,1047963,Green Tea,14.95
1001541,1047968,Green Tea,14.95
1001542,1047975,Green Tea,14.95
1001543,1048016,Green Tea,14.95
1001544,1048022,Green Tea,14.95
1001545,1048026,Green Tea,14.95
1001546,1048071,Green Tea,14.95
1001547,1048080,Green Tea,14.95
1001548,1048116,Green Tea,14.95
1001549,1048117,Green Tea,14.95
1001550,1048143,Green Tea,14.95
1001551,1048156,Green Tea,14.95
1001552,1048176,Green Tea,14.95
1001553,1048224,Green Tea,14.95
1001554,1048231,Green Tea,14.95
1001555,1048240,Green Tea,14.95
1001556,1048279,Green Tea,14.95
1001557,1048290,Green Tea,14.95
1001558,1048332,Green Tea,14.95
1001559,1048354,Green Tea,14.95
1001560,1048443,Green Tea,14.95
1001561,1048459,Green Tea,14.95
1001562,1048476,Green Tea,14.95
1001563,1048560,Green Tea,14.95
1001564,1048586,Green Tea,14.95
1001565,1048595,Green Tea,14.95
1001566,1048651,Green Tea,14.95
1001567,1048706,Green Tea,14.95
1001568,1048710,Green Tea,14.95
1001569,1048765,Green Tea,14.95
1001570,1048808,Green Tea,14.95
1001571,1048843,Green Tea,14.95
1001572,1048862,Green Tea,14.95
1001573,1048945,Green Tea,14.95
1001574,1048950,Green Tea,14.95
1001575,1048974,Green Tea,14.95
1001576,1049012,Green Tea,14.95
1001577,1049017,Green Tea,14.95
1001578,1049028,Green Tea,14.95
1001579,1049030,Green Tea,14.95
1001580,1049051,Green Tea,14.95
1001581,1049091,Green Tea,14.95
1001582,1049104,Green Tea,14.95
1001583,1049106,Green Tea,14.95
1001584,1049111,Green Tea,14.95
1001585,1049145,Green Tea,14.95
1001586,1049227,Green Tea,14.95
1001587,1049259,Green Tea,14.95
1001588,1049375,Green Tea,14.95
1001589,1049383,Green Tea,14.95
1001590,1049429,Green Tea,14.95
1001591,1049531,Green Tea,14.95
1001592,1049543,Green Tea,14.95
1001593,1049587,Green Tea,14.95
1001594,1049610,Green Tea,14.95
1001595,1049624,Green Tea,14.95
1001596,1049694,Green Tea,14.95
1001597,1049736,Green Tea,14.95
1001598,1049757,Green Tea,14.95
1001599,1049764,Green Tea,14.95
1001600,1049804,Green Tea,14.95
1001601,1049871,Green Tea,14.95
1001602,1049902,Green Tea,14.95
1001603,1049910,Green Tea,14.95
1001604,1049913,Green Tea,14.95
1001605,1049922,Green Tea,14.95
1001606,1049948,Green Tea,14.95
1001607,1049949,Green Tea,14.95
1001608,1049955,Green Tea,14.95
1001609,1049965,Green Tea,14.95
1001610,1049997,Green Tea,14.95
1001611,1050103,Green Tea,14.95
1001612,1050120,Green Tea,14.95
1001613,1050149,Green Tea,14.95
1001614,1050215,Green Tea,14.95
1001615,1050285,Green Tea,14.95
1001616,1050311,Green Tea,14.95
1001617,1050327,Green Tea,14.95
1001618,1050437,Green Tea,14.95
1001619,1050449,Green Tea,14.95
1001620,1050499,Green Tea,14.95
1001621,1050631,Green Tea,14.95
1001622,1050634,Green Tea,14.95
1001623,1050639,Green Tea,14.95
1001624,1050663,Green Tea,14.95
1001625,1050673,Green Tea,14.95
1001626,1050704,Green Tea,14.95
1001627,1050709,Green Tea,14.95
1001628,1050713,Green Tea,14.95
1001629,1050823,Green Tea,14.95
1001630,1050841,Green Tea,14.95
1001631,1050869,Green Tea,14.95
1001632,1050881,Green Tea,14.95
1001633,1050894,Green Tea,14.95
1001634,1050928,Green Tea,14.95
1001635,1050956,Green Tea,14.95
1001636,1050957,Green Tea,14.95
1001637,1050979,Green Tea,14.95
1001638,1050987,Green Tea,14.95
1001639,1050998,Green Tea,14.95
